<?xml version="1.0" encoding="UTF-8"?>
<metadata xml:lang="en"><Esri><CreaDate>20220406</CreaDate><CreaTime>00202700</CreaTime><ArcGISFormat>1.0</ArcGISFormat><SyncOnce>TRUE</SyncOnce><DataProperties><lineage><Process ToolSource="c:\program files (x86)\arcgis\desktop10.8\ArcToolbox\Toolboxes\Data Management Tools.tbx\AddSpatialIndex" Date="20220406" Time="002027">AddSpatialIndex "C:\Users\Sammy\Desktop\school shit\geog 575\lab-two\boilerplate\data\madison_city_limit_shp\madison_city_limit.shp" 0 0 0</Process></lineage></DataProperties></Esri></metadata>
